               epoch,      train/box_loss,      train/obj_loss,      train/cls_loss,   metrics/precision,      metrics/recall,     metrics/mAP_0.5,metrics/mAP_0.5:0.95,        val/box_loss,        val/obj_loss,        val/cls_loss,               x/lr0,               x/lr1,               x/lr2
                   0,             0.11679,            0.018448,                   0,             0.21018,              0.1494,            0.081402,             0.02563,            0.095477,            0.013368,                   0,            0.070882,           0.0032353,           0.0032353
                   1,            0.093605,            0.019399,                   0,             0.46721,              0.2747,             0.24516,             0.07979,            0.078326,            0.014429,                   0,            0.040861,            0.006547,            0.006547
                   2,            0.086131,            0.017278,                   0,             0.23973,             0.18313,            0.095775,            0.030675,              0.0854,            0.011851,                   0,            0.010817,           0.0098366,           0.0098366
                   3,            0.081259,            0.016474,                   0,              0.3564,             0.21446,             0.15585,            0.036855,            0.080757,            0.013278,                   0,            0.009901,            0.009901,            0.009901
                   4,            0.078126,            0.016042,                   0,             0.55567,             0.24096,             0.24395,            0.073805,            0.074852,            0.010551,                   0,            0.009901,            0.009901,            0.009901
                   5,            0.076593,            0.015614,                   0,             0.53531,             0.25815,             0.26188,            0.087639,            0.078689,            0.009799,                   0,            0.009868,            0.009868,            0.009868
                   6,            0.073365,            0.015593,                   0,             0.63684,             0.30846,             0.33314,             0.12965,            0.066955,            0.009047,                   0,            0.009835,            0.009835,            0.009835
                   7,             0.07266,            0.015803,                   0,             0.64022,             0.32771,             0.33754,             0.13999,            0.064596,           0.0098791,                   0,            0.009802,            0.009802,            0.009802
                   8,             0.07285,            0.015132,                   0,             0.63286,              0.2988,             0.33357,             0.14441,            0.062921,            0.010628,                   0,            0.009769,            0.009769,            0.009769
                   9,            0.069854,            0.015357,                   0,             0.62616,             0.38072,             0.40313,             0.19555,            0.056117,           0.0086467,                   0,            0.009736,            0.009736,            0.009736
                  10,            0.069868,            0.014832,                   0,             0.61898,             0.39518,             0.40624,             0.19541,            0.057259,           0.0082247,                   0,            0.009703,            0.009703,            0.009703
                  11,             0.06914,            0.014687,                   0,             0.63432,             0.29398,              0.3125,             0.13737,            0.065338,           0.0089498,                   0,             0.00967,             0.00967,             0.00967
                  12,            0.067418,            0.014987,                   0,             0.58946,             0.33735,              0.3523,             0.15657,            0.061723,           0.0086377,                   0,            0.009637,            0.009637,            0.009637
                  13,            0.067668,            0.014666,                   0,              0.7174,             0.31197,             0.35894,             0.19053,            0.056446,           0.0083799,                   0,            0.009604,            0.009604,            0.009604
                  14,            0.066302,            0.014731,                   0,              0.6396,             0.37633,             0.40166,             0.20267,             0.05728,            0.008894,                   0,            0.009571,            0.009571,            0.009571
                  15,            0.065092,            0.014461,                   0,             0.72123,             0.31566,             0.34764,             0.16862,            0.061299,            0.008527,                   0,            0.009538,            0.009538,            0.009538
                  16,            0.064292,            0.014411,                   0,              0.6646,             0.31807,             0.37026,             0.16921,            0.060821,           0.0086427,                   0,            0.009505,            0.009505,            0.009505
                  17,             0.06375,            0.014132,                   0,             0.76585,             0.34699,             0.41031,             0.21023,            0.057819,           0.0081804,                   0,            0.009472,            0.009472,            0.009472
                  18,            0.063419,            0.014247,                   0,             0.59105,             0.36145,             0.35831,             0.15432,            0.060169,           0.0089235,                   0,            0.009439,            0.009439,            0.009439
                  19,            0.063182,            0.014058,                   0,             0.61001,             0.38313,             0.40887,             0.18715,            0.060617,           0.0090814,                   0,            0.009406,            0.009406,            0.009406
                  20,            0.062341,            0.014217,                   0,             0.66498,             0.29398,             0.30579,             0.13682,            0.064113,            0.010034,                   0,            0.009373,            0.009373,            0.009373
                  21,            0.063309,            0.013828,                   0,             0.61014,             0.35422,             0.38541,             0.18312,            0.062403,           0.0095799,                   0,             0.00934,             0.00934,             0.00934
                  22,            0.062423,             0.01389,                   0,              0.6821,             0.35663,             0.38923,             0.18412,            0.057698,           0.0086193,                   0,            0.009307,            0.009307,            0.009307
                  23,            0.062146,            0.014045,                   0,             0.70537,             0.37498,             0.42025,             0.20587,            0.056118,           0.0086527,                   0,            0.009274,            0.009274,            0.009274
                  24,            0.060565,            0.013732,                   0,             0.66521,                 0.4,             0.43114,             0.20979,            0.055301,           0.0080597,                   0,            0.009241,            0.009241,            0.009241
                  25,            0.061987,            0.013198,                   0,              0.6321,              0.3759,             0.40166,              0.1948,            0.055829,           0.0089486,                   0,            0.009208,            0.009208,            0.009208
                  26,            0.059948,            0.014503,                   0,             0.57717,             0.39518,             0.42482,             0.20073,            0.056213,           0.0091083,                   0,            0.009175,            0.009175,            0.009175
                  27,            0.059642,            0.013589,                   0,              0.7086,             0.35181,             0.40046,             0.19703,            0.059244,           0.0091705,                   0,            0.009142,            0.009142,            0.009142
                  28,            0.059729,            0.013691,                   0,             0.67599,             0.29661,             0.34131,             0.17458,            0.068669,            0.011219,                   0,            0.009109,            0.009109,            0.009109
                  29,            0.059067,            0.013383,                   0,             0.68843,             0.33012,             0.38337,             0.19009,            0.057432,           0.0082481,                   0,            0.009076,            0.009076,            0.009076
                  30,            0.059224,            0.013372,                   0,             0.71001,             0.39036,             0.43016,             0.21147,             0.05701,           0.0086551,                   0,            0.009043,            0.009043,            0.009043
                  31,            0.059008,            0.013002,                   0,             0.60032,             0.38554,             0.42615,             0.21594,            0.058358,           0.0092521,                   0,             0.00901,             0.00901,             0.00901
                  32,            0.058432,             0.01328,                   0,             0.62633,             0.37108,              0.3993,             0.21817,            0.057169,           0.0089083,                   0,            0.008977,            0.008977,            0.008977
                  33,             0.05885,            0.013232,                   0,             0.66542,             0.34505,             0.38136,             0.18108,            0.060725,            0.010994,                   0,            0.008944,            0.008944,            0.008944
                  34,            0.058252,            0.013023,                   0,             0.59644,              0.3759,             0.40354,             0.20886,            0.056236,           0.0091772,                   0,            0.008911,            0.008911,            0.008911
                  35,             0.05841,            0.013082,                   0,             0.70496,             0.37831,               0.416,             0.21383,            0.056685,           0.0094485,                   0,            0.008878,            0.008878,            0.008878
                  36,            0.058308,            0.013199,                   0,             0.67356,             0.31566,             0.36655,             0.18369,            0.060994,           0.0095458,                   0,            0.008845,            0.008845,            0.008845
                  37,            0.057296,            0.013014,                   0,             0.63201,             0.39036,             0.40437,             0.20306,             0.05907,           0.0096908,                   0,            0.008812,            0.008812,            0.008812
                  38,            0.056391,            0.012563,                   0,             0.57641,             0.34458,             0.38632,             0.18586,            0.056115,           0.0096674,                   0,            0.008779,            0.008779,            0.008779
                  39,            0.056322,            0.012682,                   0,             0.66434,             0.33494,             0.38812,             0.20586,            0.056104,           0.0095828,                   0,            0.008746,            0.008746,            0.008746
                  40,             0.05696,            0.012969,                   0,             0.73358,             0.35904,             0.43032,              0.2269,            0.057274,           0.0099921,                   0,            0.008713,            0.008713,            0.008713
                  41,            0.056394,            0.012631,                   0,             0.74026,             0.29157,             0.36058,             0.19563,            0.057822,            0.010337,                   0,             0.00868,             0.00868,             0.00868
                  42,            0.056301,            0.012918,                   0,             0.72408,             0.41446,             0.46559,             0.23613,            0.050252,           0.0087969,                   0,            0.008647,            0.008647,            0.008647
                  43,            0.055066,             0.01269,                   0,             0.73229,             0.38795,             0.44057,               0.228,            0.053342,           0.0099754,                   0,            0.008614,            0.008614,            0.008614
                  44,            0.055634,            0.012368,                   0,             0.68201,             0.38072,             0.40675,             0.19847,              0.0581,           0.0093269,                   0,            0.008581,            0.008581,            0.008581
                  45,            0.055905,            0.012312,                   0,             0.66528,             0.39277,              0.4205,             0.21957,            0.053025,           0.0087838,                   0,            0.008548,            0.008548,            0.008548
                  46,            0.055118,            0.012882,                   0,             0.64099,             0.32289,              0.3631,             0.17341,            0.065198,            0.013572,                   0,            0.008515,            0.008515,            0.008515
                  47,            0.054636,            0.012608,                   0,              0.6754,             0.39036,             0.42322,             0.20526,            0.059551,            0.011406,                   0,            0.008482,            0.008482,            0.008482
                  48,            0.055395,            0.012097,                   0,             0.65783,             0.36145,             0.40589,             0.21092,            0.059612,           0.0098586,                   0,            0.008449,            0.008449,            0.008449
                  49,            0.054485,            0.012768,                   0,             0.68219,             0.43449,             0.46416,             0.24295,            0.052681,           0.0085721,                   0,            0.008416,            0.008416,            0.008416
                  50,            0.054631,            0.012391,                   0,             0.63563,             0.35422,             0.38764,             0.20079,            0.058933,            0.011814,                   0,            0.008383,            0.008383,            0.008383
                  51,            0.054006,            0.012209,                   0,             0.70503,             0.42892,              0.4635,             0.23198,            0.053586,           0.0099356,                   0,             0.00835,             0.00835,             0.00835
                  52,            0.054484,             0.01269,                   0,             0.76909,             0.29639,             0.35737,             0.19199,            0.059408,           0.0086956,                   0,            0.008317,            0.008317,            0.008317
                  53,            0.054215,            0.012416,                   0,             0.68016,             0.40994,             0.43125,             0.20923,            0.055073,           0.0091009,                   0,            0.008284,            0.008284,            0.008284
                  54,            0.054187,            0.012216,                   0,              0.7663,             0.29235,             0.33505,             0.16627,            0.067087,            0.014121,                   0,            0.008251,            0.008251,            0.008251
                  55,            0.053013,            0.011953,                   0,              0.7284,             0.32958,             0.37395,             0.18251,            0.062071,            0.010516,                   0,            0.008218,            0.008218,            0.008218
                  56,            0.053636,            0.012142,                   0,             0.71601,             0.42527,             0.46474,             0.23097,            0.057736,           0.0091791,                   0,            0.008185,            0.008185,            0.008185
                  57,            0.052998,            0.012293,                   0,             0.71174,             0.42892,             0.46847,             0.23805,            0.055947,           0.0093131,                   0,            0.008152,            0.008152,            0.008152
                  58,            0.052704,            0.012144,                   0,             0.69423,             0.40964,             0.44139,             0.21324,            0.059033,           0.0096245,                   0,            0.008119,            0.008119,            0.008119
                  59,            0.053585,            0.012234,                   0,             0.65003,             0.32289,             0.35745,             0.17511,            0.063539,            0.011532,                   0,            0.008086,            0.008086,            0.008086
                  60,            0.052155,            0.012023,                   0,             0.69465,             0.34217,             0.39908,             0.20337,            0.054367,           0.0088756,                   0,            0.008053,            0.008053,            0.008053
                  61,            0.051763,            0.011916,                   0,             0.68127,             0.36386,             0.41792,              0.2151,            0.059261,            0.010186,                   0,             0.00802,             0.00802,             0.00802
                  62,            0.052074,            0.011593,                   0,             0.69873,             0.30602,             0.36344,             0.18723,             0.06013,            0.010654,                   0,            0.007987,            0.007987,            0.007987
                  63,            0.051543,            0.012153,                   0,             0.73561,                 0.4,             0.45817,             0.22249,            0.055741,            0.010006,                   0,            0.007954,            0.007954,            0.007954
                  64,            0.051758,            0.011726,                   0,              0.7167,             0.43281,             0.47888,             0.24869,            0.051776,            0.008976,                   0,            0.007921,            0.007921,            0.007921
                  65,            0.051413,            0.011777,                   0,             0.70336,             0.38554,             0.45147,             0.24042,            0.052312,           0.0094054,                   0,            0.007888,            0.007888,            0.007888
                  66,              0.0522,            0.011329,                   0,             0.69557,             0.42892,             0.46244,             0.23239,            0.055752,           0.0094476,                   0,            0.007855,            0.007855,            0.007855
                  67,            0.051348,            0.011728,                   0,             0.66367,             0.38039,             0.41999,             0.22545,            0.054689,            0.010297,                   0,            0.007822,            0.007822,            0.007822
                  68,            0.051093,            0.011793,                   0,             0.58595,             0.32289,             0.36611,             0.18953,            0.059867,            0.010614,                   0,            0.007789,            0.007789,            0.007789
                  69,            0.050646,            0.011842,                   0,              0.6797,             0.47711,              0.5039,             0.24262,            0.051293,           0.0088551,                   0,            0.007756,            0.007756,            0.007756
                  70,            0.051398,            0.012056,                   0,             0.70859,             0.35663,             0.41684,             0.22529,            0.052849,           0.0096457,                   0,            0.007723,            0.007723,            0.007723
                  71,            0.050814,            0.011832,                   0,             0.64754,             0.33253,             0.38654,             0.20713,            0.057541,            0.011696,                   0,             0.00769,             0.00769,             0.00769
                  72,            0.050614,            0.011532,                   0,             0.73068,             0.38554,             0.44637,             0.22991,            0.054728,            0.009938,                   0,            0.007657,            0.007657,            0.007657
                  73,            0.051388,            0.011346,                   0,             0.66342,             0.35904,              0.4098,             0.21269,            0.056123,            0.011435,                   0,            0.007624,            0.007624,            0.007624
                  74,            0.049214,            0.011707,                   0,             0.78243,             0.30361,             0.39499,             0.21131,            0.056833,            0.009829,                   0,            0.007591,            0.007591,            0.007591
                  75,            0.049906,            0.012055,                   0,             0.67853,              0.4506,             0.48416,             0.24301,             0.05249,           0.0097635,                   0,            0.007558,            0.007558,            0.007558
                  76,            0.050652,            0.011682,                   0,              0.7215,             0.44578,             0.50302,             0.25979,            0.051003,           0.0094419,                   0,            0.007525,            0.007525,            0.007525
                  77,            0.050709,            0.011773,                   0,             0.69661,             0.35422,             0.41951,             0.21655,            0.056022,            0.010341,                   0,            0.007492,            0.007492,            0.007492
                  78,            0.049542,            0.011642,                   0,             0.69051,             0.36386,             0.43234,             0.22659,            0.054347,           0.0095067,                   0,            0.007459,            0.007459,            0.007459
                  79,            0.049487,            0.011536,                   0,             0.70243,             0.41928,             0.46499,             0.22272,            0.057984,            0.011204,                   0,            0.007426,            0.007426,            0.007426
                  80,            0.050054,            0.011572,                   0,             0.80513,             0.38313,             0.44221,             0.22337,            0.058809,            0.011005,                   0,            0.007393,            0.007393,            0.007393
                  81,            0.049797,            0.011571,                   0,             0.76364,             0.41205,             0.47419,              0.2457,            0.050988,           0.0094037,                   0,             0.00736,             0.00736,             0.00736
                  82,            0.048682,            0.011506,                   0,             0.69104,             0.42169,             0.47921,             0.24331,            0.052882,           0.0092716,                   0,            0.007327,            0.007327,            0.007327
                  83,            0.049155,            0.011491,                   0,             0.67201,             0.38795,             0.44525,             0.23733,            0.051032,           0.0086217,                   0,            0.007294,            0.007294,            0.007294
                  84,            0.049509,            0.011302,                   0,             0.72768,             0.41446,             0.48705,             0.25599,            0.053546,           0.0096526,                   0,            0.007261,            0.007261,            0.007261
                  85,            0.048848,            0.011408,                   0,              0.7368,             0.37349,             0.43198,             0.20964,            0.059379,            0.010644,                   0,            0.007228,            0.007228,            0.007228
                  86,            0.049681,            0.011145,                   0,             0.63964,             0.34217,             0.39442,             0.21138,            0.056386,           0.0096474,                   0,            0.007195,            0.007195,            0.007195
                  87,            0.049586,            0.011068,                   0,             0.70949,             0.43614,             0.46993,             0.24044,            0.052268,            0.010301,                   0,            0.007162,            0.007162,            0.007162
                  88,            0.048573,            0.011311,                   0,             0.73057,             0.45542,             0.51593,             0.26146,            0.049803,           0.0088761,                   0,            0.007129,            0.007129,            0.007129
                  89,            0.048971,            0.011186,                   0,             0.72862,             0.37523,             0.45263,             0.24424,            0.052496,            0.010465,                   0,            0.007096,            0.007096,            0.007096
                  90,            0.048412,            0.011342,                   0,             0.74769,             0.44987,             0.50167,              0.2579,            0.051347,            0.010464,                   0,            0.007063,            0.007063,            0.007063
                  91,            0.049345,            0.011248,                   0,             0.75779,             0.44819,             0.48253,             0.24514,             0.05022,            0.010264,                   0,             0.00703,             0.00703,             0.00703
                  92,            0.048363,            0.011357,                   0,             0.67917,             0.40723,             0.43811,             0.23251,            0.051812,           0.0098605,                   0,            0.006997,            0.006997,            0.006997
                  93,            0.047961,             0.01129,                   0,             0.74558,             0.45783,             0.52102,              0.2664,            0.052714,            0.010122,                   0,            0.006964,            0.006964,            0.006964
                  94,            0.047915,            0.011323,                   0,             0.69118,             0.36867,             0.42407,             0.21922,            0.054225,            0.011074,                   0,            0.006931,            0.006931,            0.006931
                  95,            0.048314,            0.011175,                   0,             0.70446,             0.41928,             0.47924,             0.24782,            0.051874,           0.0098543,                   0,            0.006898,            0.006898,            0.006898
                  96,            0.048357,            0.011176,                   0,              0.7583,             0.37108,             0.44684,             0.23296,            0.051524,            0.010112,                   0,            0.006865,            0.006865,            0.006865
                  97,            0.048361,             0.01114,                   0,             0.70263,             0.37831,              0.4609,             0.24051,            0.052177,             0.01003,                   0,            0.006832,            0.006832,            0.006832
                  98,            0.048186,            0.011183,                   0,             0.68001,             0.39942,             0.46774,             0.24367,            0.052754,           0.0094151,                   0,            0.006799,            0.006799,            0.006799
                  99,            0.047975,            0.011224,                   0,             0.72011,             0.38072,              0.4548,             0.24043,            0.052684,           0.0090685,                   0,            0.006766,            0.006766,            0.006766
                 100,            0.048037,            0.011089,                   0,             0.65436,             0.36867,             0.41913,             0.22755,            0.053691,           0.0099483,                   0,            0.006733,            0.006733,            0.006733
                 101,            0.048094,            0.011094,                   0,             0.63631,             0.32884,             0.37982,             0.20816,              0.0561,            0.010641,                   0,              0.0067,              0.0067,              0.0067
                 102,            0.047374,            0.011119,                   0,               0.675,             0.37035,             0.43904,             0.22942,            0.055103,           0.0096757,                   0,            0.006667,            0.006667,            0.006667
                 103,            0.047019,            0.011177,                   0,             0.73683,             0.39277,             0.46002,             0.23749,            0.051484,            0.008811,                   0,            0.006634,            0.006634,            0.006634
                 104,            0.047094,             0.01086,                   0,              0.7081,             0.39036,             0.44671,             0.22715,            0.055816,            0.011777,                   0,            0.006601,            0.006601,            0.006601
                 105,            0.046131,            0.010901,                   0,             0.66224,             0.41104,             0.45465,              0.2414,            0.053004,           0.0095541,                   0,            0.006568,            0.006568,            0.006568
                 106,            0.046694,            0.010847,                   0,             0.64176,             0.41009,             0.46071,             0.23553,            0.052502,           0.0098698,                   0,            0.006535,            0.006535,            0.006535
                 107,            0.046797,             0.01098,                   0,             0.67454,             0.37457,             0.44169,             0.22895,            0.054129,            0.010696,                   0,            0.006502,            0.006502,            0.006502
                 108,            0.046646,            0.010721,                   0,             0.69497,             0.45019,             0.50314,              0.2533,            0.050266,            0.010672,                   0,            0.006469,            0.006469,            0.006469
                 109,            0.046938,            0.011155,                   0,             0.69618,             0.34217,             0.41323,             0.22469,            0.054634,            0.010159,                   0,            0.006436,            0.006436,            0.006436
                 110,            0.046156,            0.010827,                   0,             0.74695,             0.32289,             0.41277,             0.21533,            0.055896,            0.010477,                   0,            0.006403,            0.006403,            0.006403
                 111,            0.046099,            0.011121,                   0,             0.63822,             0.42169,             0.46986,             0.25052,            0.049566,            0.010253,                   0,             0.00637,             0.00637,             0.00637
                 112,            0.046668,            0.010702,                   0,             0.66845,             0.36436,             0.41934,             0.23587,            0.051116,           0.0094025,                   0,            0.006337,            0.006337,            0.006337
                 113,            0.045953,            0.010576,                   0,             0.73967,             0.31807,             0.39518,             0.22082,            0.054727,            0.010484,                   0,            0.006304,            0.006304,            0.006304
                 114,            0.046828,            0.010815,                   0,               0.709,             0.43133,             0.48078,             0.25227,            0.050314,           0.0098705,                   0,            0.006271,            0.006271,            0.006271
                 115,            0.046521,            0.010644,                   0,             0.73342,             0.32771,             0.41231,             0.22528,             0.05338,           0.0096736,                   0,            0.006238,            0.006238,            0.006238
                 116,            0.045357,             0.01075,                   0,             0.81791,             0.31325,              0.3947,             0.22767,            0.054154,           0.0097136,                   0,            0.006205,            0.006205,            0.006205
                 117,             0.04654,            0.010687,                   0,             0.71997,             0.39036,             0.45817,             0.24022,            0.051357,            0.010312,                   0,            0.006172,            0.006172,            0.006172
                 118,            0.045506,            0.010832,                   0,             0.74752,             0.31807,             0.40119,             0.21702,            0.056065,            0.010945,                   0,            0.006139,            0.006139,            0.006139
                 119,            0.045303,            0.010931,                   0,             0.72415,             0.38313,             0.44146,              0.2328,            0.054295,            0.010119,                   0,            0.006106,            0.006106,            0.006106
                 120,            0.045216,            0.010586,                   0,             0.68196,             0.31325,             0.38748,             0.21439,             0.05649,             0.01043,                   0,            0.006073,            0.006073,            0.006073
                 121,            0.046055,            0.010548,                   0,             0.64037,             0.38554,             0.44476,             0.24119,            0.054123,            0.010376,                   0,             0.00604,             0.00604,             0.00604
                 122,            0.045199,            0.010907,                   0,             0.69029,             0.45542,             0.49088,             0.25811,            0.051863,            0.009572,                   0,            0.006007,            0.006007,            0.006007
                 123,            0.044284,            0.010839,                   0,             0.70654,             0.47229,             0.51097,              0.2626,            0.051203,           0.0090683,                   0,            0.005974,            0.005974,            0.005974
                 124,            0.045118,            0.010601,                   0,             0.65149,             0.41205,             0.46727,             0.24595,             0.05313,            0.010333,                   0,            0.005941,            0.005941,            0.005941
                 125,            0.044615,            0.010416,                   0,             0.79586,             0.30843,             0.39942,             0.22714,            0.056898,            0.010163,                   0,            0.005908,            0.005908,            0.005908
                 126,            0.046321,            0.010763,                   0,             0.77858,              0.4506,              0.5208,             0.26418,            0.051446,            0.010295,                   0,            0.005875,            0.005875,            0.005875
                 127,            0.044918,            0.010487,                   0,             0.63731,             0.37349,             0.42432,              0.2238,            0.054419,            0.010412,                   0,            0.005842,            0.005842,            0.005842
                 128,            0.045037,            0.010683,                   0,             0.68988,             0.36386,             0.44405,             0.23751,            0.052636,            0.010745,                   0,            0.005809,            0.005809,            0.005809
                 129,            0.044307,            0.010592,                   0,             0.69775,             0.36386,             0.44823,             0.24153,            0.052239,            0.010526,                   0,            0.005776,            0.005776,            0.005776
                 130,            0.043927,            0.010589,                   0,             0.73101,             0.42651,             0.50219,             0.25404,            0.053087,            0.010551,                   0,            0.005743,            0.005743,            0.005743
                 131,            0.043451,            0.010498,                   0,              0.7343,             0.34458,             0.43441,             0.23655,            0.052218,            0.010777,                   0,             0.00571,             0.00571,             0.00571
                 132,            0.044956,            0.010634,                   0,             0.72618,             0.42815,             0.50612,              0.2557,            0.051692,             0.01025,                   0,            0.005677,            0.005677,            0.005677
                 133,            0.044008,            0.010462,                   0,             0.68928,              0.3759,             0.46054,             0.23337,             0.05481,            0.010893,                   0,            0.005644,            0.005644,            0.005644
                 134,            0.044164,            0.010306,                   0,             0.72571,             0.44819,             0.51591,             0.26722,            0.051153,           0.0089383,                   0,            0.005611,            0.005611,            0.005611
                 135,            0.044201,            0.010468,                   0,             0.70357,             0.39518,             0.46563,             0.23985,            0.055089,            0.010565,                   0,            0.005578,            0.005578,            0.005578
                 136,             0.04429,            0.010587,                   0,             0.76311,             0.42169,             0.50129,             0.25697,            0.053401,            0.010264,                   0,            0.005545,            0.005545,            0.005545
                 137,            0.043419,              0.0104,                   0,             0.66135,             0.43373,             0.47838,             0.25268,            0.052535,           0.0098844,                   0,            0.005512,            0.005512,            0.005512
                 138,            0.043836,            0.010745,                   0,              0.7021,             0.36627,             0.44906,             0.24476,            0.053267,            0.010104,                   0,            0.005479,            0.005479,            0.005479
                 139,            0.043389,            0.010715,                   0,             0.74468,             0.44277,             0.52888,             0.26626,            0.050981,            0.010096,                   0,            0.005446,            0.005446,            0.005446
                 140,            0.043264,            0.010361,                   0,             0.71571,             0.40723,             0.46619,             0.24694,             0.05366,           0.0094967,                   0,            0.005413,            0.005413,            0.005413
                 141,            0.043929,            0.010402,                   0,             0.72489,             0.38313,              0.4518,             0.24486,            0.052157,           0.0099468,                   0,             0.00538,             0.00538,             0.00538
                 142,            0.044272,           0.0099929,                   0,             0.64317,             0.37349,             0.43011,             0.24488,            0.052396,           0.0096087,                   0,            0.005347,            0.005347,            0.005347
                 143,            0.044154,            0.010201,                   0,              0.7824,             0.39277,             0.47798,             0.24683,            0.052514,            0.010531,                   0,            0.005314,            0.005314,            0.005314
                 144,            0.042936,            0.010404,                   0,             0.61013,             0.41205,              0.4543,             0.23417,            0.052027,            0.010427,                   0,            0.005281,            0.005281,            0.005281
                 145,            0.043256,            0.010222,                   0,             0.61108,             0.33735,             0.39128,             0.21795,            0.055623,            0.010172,                   0,            0.005248,            0.005248,            0.005248
                 146,            0.043501,            0.010291,                   0,             0.65889,             0.35181,             0.42369,             0.22591,            0.054575,           0.0095229,                   0,            0.005215,            0.005215,            0.005215
                 147,            0.043216,            0.010398,                   0,              0.6051,               0.432,             0.46187,             0.24262,            0.052587,            0.010499,                   0,            0.005182,            0.005182,            0.005182
                 148,            0.043728,            0.010529,                   0,             0.64052,             0.38554,             0.44083,             0.23674,            0.052405,           0.0094275,                   0,            0.005149,            0.005149,            0.005149
                 149,            0.042843,            0.010334,                   0,             0.71323,             0.36867,              0.4468,             0.23846,            0.053335,           0.0096917,                   0,            0.005116,            0.005116,            0.005116
                 150,            0.043175,            0.010339,                   0,             0.70276,             0.43299,             0.49841,             0.25318,            0.052109,            0.010079,                   0,            0.005083,            0.005083,            0.005083
                 151,            0.043033,            0.010145,                   0,                 0.7,             0.40481,             0.47932,             0.24989,            0.053796,           0.0099065,                   0,             0.00505,             0.00505,             0.00505
                 152,            0.042795,             0.01029,                   0,             0.67536,             0.35422,              0.4232,             0.22817,            0.055181,            0.010691,                   0,            0.005017,            0.005017,            0.005017
                 153,            0.043488,            0.010038,                   0,             0.69914,             0.37516,             0.45111,             0.24228,            0.053866,            0.010199,                   0,            0.004984,            0.004984,            0.004984
                 154,            0.042674,            0.010029,                   0,             0.70625,             0.35663,             0.42873,              0.2335,             0.05195,            0.010902,                   0,            0.004951,            0.004951,            0.004951
                 155,            0.043992,            0.010294,                   0,             0.62437,             0.36386,             0.43521,             0.23579,             0.05315,            0.011444,                   0,            0.004918,            0.004918,            0.004918
                 156,            0.043105,           0.0099126,                   0,             0.66665,             0.36867,             0.43409,             0.23327,            0.054988,             0.01104,                   0,            0.004885,            0.004885,            0.004885
                 157,            0.043191,             0.01019,                   0,             0.73116,             0.31566,             0.39565,             0.22026,            0.056265,            0.011222,                   0,            0.004852,            0.004852,            0.004852
                 158,            0.042753,             0.01004,                   0,             0.74408,             0.38795,             0.46598,             0.24468,            0.052271,            0.010273,                   0,            0.004819,            0.004819,            0.004819
                 159,            0.042355,           0.0099559,                   0,             0.68219,             0.38072,             0.45149,             0.23469,            0.052527,            0.011087,                   0,            0.004786,            0.004786,            0.004786
                 160,            0.043149,            0.010069,                   0,             0.65172,             0.33735,             0.41893,             0.23133,            0.052953,            0.010798,                   0,            0.004753,            0.004753,            0.004753
                 161,            0.042499,            0.010173,                   0,              0.7239,             0.34458,             0.43318,             0.23473,            0.053155,            0.010732,                   0,             0.00472,             0.00472,             0.00472
                 162,            0.041523,            0.010095,                   0,             0.78556,             0.41205,             0.50879,             0.26646,            0.050711,            0.010545,                   0,            0.004687,            0.004687,            0.004687
                 163,            0.041826,           0.0099769,                   0,             0.71731,             0.36145,             0.44614,             0.23702,            0.052404,             0.01042,                   0,            0.004654,            0.004654,            0.004654
                 164,            0.042795,           0.0099792,                   0,             0.71279,             0.43133,             0.49007,             0.25177,            0.049806,             0.01136,                   0,            0.004621,            0.004621,            0.004621
                 165,             0.04193,            0.009986,                   0,             0.60159,             0.40964,             0.45735,             0.23536,            0.051564,            0.010637,                   0,            0.004588,            0.004588,            0.004588
                 166,            0.041449,            0.010241,                   0,             0.66645,             0.45542,             0.48611,             0.24518,            0.051386,             0.01104,                   0,            0.004555,            0.004555,            0.004555
                 167,            0.041724,            0.010084,                   0,             0.70265,             0.44819,             0.50768,             0.26431,            0.051005,            0.011394,                   0,            0.004522,            0.004522,            0.004522
                 168,            0.041922,           0.0099519,                   0,             0.77855,             0.39518,             0.48971,             0.26066,            0.050766,            0.010519,                   0,            0.004489,            0.004489,            0.004489
                 169,            0.041336,            0.010034,                   0,             0.71352,             0.39011,             0.46152,             0.24318,            0.050253,            0.010386,                   0,            0.004456,            0.004456,            0.004456
                 170,            0.042072,           0.0099504,                   0,             0.76984,             0.31807,             0.41691,             0.22862,            0.052074,           0.0099459,                   0,            0.004423,            0.004423,            0.004423
                 171,            0.041414,            0.010159,                   0,             0.63356,             0.39518,               0.458,             0.23944,            0.053144,            0.010405,                   0,             0.00439,             0.00439,             0.00439
                 172,            0.041207,           0.0099717,                   0,              0.6253,             0.43855,             0.48094,             0.24889,            0.052309,            0.010968,                   0,            0.004357,            0.004357,            0.004357
                 173,            0.040919,           0.0096272,                   0,             0.67797,              0.4506,             0.50716,              0.2605,            0.051495,            0.010675,                   0,            0.004324,            0.004324,            0.004324
                 174,            0.041091,           0.0095834,                   0,              0.7068,             0.40723,             0.48147,             0.25598,            0.050842,            0.010791,                   0,            0.004291,            0.004291,            0.004291
                 175,            0.040488,            0.010235,                   0,             0.57755,             0.40482,               0.444,             0.23996,            0.052529,            0.010619,                   0,            0.004258,            0.004258,            0.004258
                 176,            0.041151,           0.0096675,                   0,             0.73463,             0.32687,             0.42339,              0.2335,            0.052245,            0.010406,                   0,            0.004225,            0.004225,            0.004225
                 177,            0.041325,           0.0098324,                   0,             0.67849,             0.41928,             0.47615,             0.24607,            0.049733,             0.01072,                   0,            0.004192,            0.004192,            0.004192
                 178,            0.041278,           0.0099092,                   0,              0.6614,             0.46747,             0.52338,             0.26429,            0.050988,            0.010344,                   0,            0.004159,            0.004159,            0.004159
                 179,            0.040797,           0.0097207,                   0,             0.57622,             0.38334,             0.43494,             0.24198,            0.052851,             0.01005,                   0,            0.004126,            0.004126,            0.004126
                 180,            0.040876,           0.0098196,                   0,             0.58721,             0.40241,             0.45082,             0.24246,            0.053382,             0.01029,                   0,            0.004093,            0.004093,            0.004093
                 181,            0.041231,            0.010122,                   0,             0.74858,             0.35154,             0.45079,             0.24095,            0.053539,            0.010219,                   0,             0.00406,             0.00406,             0.00406
                 182,            0.040754,           0.0097117,                   0,             0.58893,             0.41427,             0.45754,             0.24471,            0.053104,            0.010647,                   0,            0.004027,            0.004027,            0.004027
                 183,            0.040246,           0.0096596,                   0,             0.62476,             0.40482,              0.4522,             0.24354,              0.0522,            0.010443,                   0,            0.003994,            0.003994,            0.003994
                 184,            0.040765,           0.0096556,                   0,             0.73764,              0.3252,             0.42355,              0.2331,            0.053519,            0.010947,                   0,            0.003961,            0.003961,            0.003961
                 185,            0.039832,           0.0093494,                   0,             0.68587,             0.36627,             0.43804,             0.23975,            0.053284,            0.010529,                   0,            0.003928,            0.003928,            0.003928
                 186,            0.040237,            0.009857,                   0,             0.62554,             0.41863,             0.46603,             0.24923,            0.052354,            0.010029,                   0,            0.003895,            0.003895,            0.003895
                 187,            0.040631,           0.0096886,                   0,             0.62755,             0.42169,             0.47377,             0.24563,            0.052704,             0.01056,                   0,            0.003862,            0.003862,            0.003862
                 188,            0.040519,           0.0096107,                   0,             0.80938,             0.32048,             0.42651,             0.23045,              0.0551,            0.010717,                   0,            0.003829,            0.003829,            0.003829
                 189,             0.03943,           0.0097838,                   0,              0.5545,             0.38072,             0.42473,             0.23428,            0.054674,            0.010585,                   0,            0.003796,            0.003796,            0.003796
